,id,title,classification,publication_date,page_count,content_type
0,CIA-RDP01-00707R000200090016-9,NATIONAL INTELLIGENCE SURVEY 11; SWEDEN; ARMED FORCES,U,,33,REPORTS
1,CIA-RDP01-00707R000200090017-8,NATIONAL INTELLIGENCE SURVEY 11; SWEDEN; COUNTRY PROFILE,U,,37,REPORTS
2,CIA-RDP01-00707R000200090019-6,NATIONAL INTELLIGENCE SURVEY 11; SWEDEN; GOVERNMENT AND POLITICS,U,,43,REPORTS
3,CIA-RDP01-00707R000200090020-4,NATIONAL INTELLIGENCE SURVEY 11; SWEDEN; MILITARY GEOGRAPHY,U,,32,REPORTS
4,CIA-RDP01-00707R000200090022-2,NATIONAL INTELLIGENCE SURVEY 11; SWEDEN; SCIENCE,U,,35,REPORTS
5,CIA-RDP01-00707R000200090018-7,NATIONAL INTELLIGENCE SURVEY 11; SWEDEN; THE ECONOMY,U,,44,REPORTS
6,CIA-RDP01-00707R000200090021-3,NATIONAL INTELLIGENCE SURVEY 11; SWEDEN; THE SOCIETY,U,,64,REPORTS
7,CIA-RDP01-00707R000200090023-1,NATIONAL INTELLIGENCE SURVEY 11; SWEDEN; TRANSPORTATION AND TELECOMMUNICATIONS,U,,40,REPORTS
8,CIA-RDP01-00707R000200070015-2,NATIONAL INTELLIGENCE SURVEY 13A; EAST GERMANY; ARMED FORCES,U,,24,REPORTS
9,CIA-RDP01-00707R000200110020-1,NATIONAL INTELLIGENCE SURVEY 13A; EAST GERMANY; COUNTRY PROFILE,U,,36,REPORTS
10,CIA-RDP01-00707R000200110019-3,NATIONAL INTELLIGENCE SURVEY 13A; EAST GERMANY; GOVERNMENT AND POLITICS,U,,48,REPORTS
11,CIA-RDP01-00707R000200110023-8,NATIONAL INTELLIGENCE SURVEY 13A; EAST GERMANY; MILITARY GEOGRAPHY,U,,31,REPORTS
12,CIA-RDP01-00707R000200110022-9,NATIONAL INTELLIGENCE SURVEY 13A; EAST GERMANY; SCIENCE,U,,27,REPORTS
13,CIA-RDP01-00707R000200110021-0,NATIONAL INTELLIGENCE SURVEY 13A; EAST GERMANY; THE ECONOMY,U,,39,REPORTS
14,CIA-RDP01-00707R000200110024-7,NATIONAL INTELLIGENCE SURVEY 13A; EAST GERMANY; THE SOCIETY,U,,53,REPORTS
15,CIA-RDP01-00707R000200070008-0,NATIONAL INTELLIGENCE SURVEY 13A; EAST GERMANY; TRANSPORTATION AND TELECOMMUNICATIONS,U,,36,REPORTS
16,CIA-RDP01-00707R000200070031-4,NATIONAL INTELLIGENCE SURVEY 14; POLAND; ARMED FORCES,U,,27,REPORTS
17,CIA-RDP01-00707R000200070027-9,NATIONAL INTELLIGENCE SURVEY 14; POLAND; COUNTRY PROFILE,U,,39,REPORTS
18,CIA-RDP01-00707R000200070029-7,NATIONAL INTELLIGENCE SURVEY 14; POLAND; GOVERNMENT AND POLITICS,U,,76,REPORTS
19,CIA-RDP01-00707R000200070024-2,NATIONAL INTELLIGENCE SURVEY 14; POLAND; MILITARY GEOGRAPHY,U,,31,REPORTS
20,CIA-RDP01-00707R000200070028-8,NATIONAL INTELLIGENCE SURVEY 14; POLAND; SCIENCE,U,,32,REPORTS
21,CIA-RDP01-00707R000200070030-5,NATIONAL INTELLIGENCE SURVEY 14; POLAND; THE ECONOMY,U,,43,REPORTS
22,CIA-RDP01-00707R000200070023-3,NATIONAL INTELLIGENCE SURVEY 14; POLAND; THE SOCIETY,U,,88,REPORTS
23,CIA-RDP01-00707R000200070025-1,NATIONAL INTELLIGENCE SURVEY 14; POLAND; TRANSPORTATION AND TELECOMMUNICATIONS,U,,35,REPORTS
24,CIA-RDP01-00707R000200080001-6,NATIONAL INTELLIGENCE SURVEY 17; ITALY; COUNTRY PROFILE,U,,33,REPORTS
25,CIA-RDP01-00707R000200080002-5,NATIONAL INTELLIGENCE SURVEY 17; ITALY; SCIENCE,U,,30,REPORTS
26,CIA-RDP01-00707R000200080003-4,NATIONAL INTELLIGENCE SURVEY 17; ITALY; TRANSPORTATION AND TELECOMMUNICATIONS,U,,46,REPORTS
27,CIA-RDP01-00707R000200110009-4,NATIONAL INTELLIGENCE SURVEY 18; CZECHOSLOVAKIA; ARMED FORCES,U,,24,REPORTS
28,CIA-RDP01-00707R000200110008-5,NATIONAL INTELLIGENCE SURVEY 18; CZECHOSLOVAKIA; COUNTRY PROFILE,U,,38,REPORTS
29,CIA-RDP01-00707R000200110010-2,NATIONAL INTELLIGENCE SURVEY 18; CZECHOSLOVAKIA; GOVERNMENT AND POLITICS,U,,58,REPORTS
30,CIA-RDP01-00707R000200110011-1,NATIONAL INTELLIGENCE SURVEY 18; CZECHOSLOVAKIA; MILITARY GEOGRAPHY,U,,50,REPORTS
31,CIA-RDP01-00707R000200110012-0,NATIONAL INTELLIGENCE SURVEY 18; CZECHOSLOVAKIA; SCIENCE,U,,30,REPORTS
32,CIA-RDP01-00707R000200110014-8,NATIONAL INTELLIGENCE SURVEY 18; CZECHOSLOVAKIA; THE ECONOMY,U,,37,REPORTS
33,CIA-RDP01-00707R000200110015-7,NATIONAL INTELLIGENCE SURVEY 18; CZECHOSLOVAKIA; THE SOCIETY,U,,47,REPORTS
34,CIA-RDP01-00707R000200110013-9,NATIONAL INTELLIGENCE SURVEY 18; CZECHOSLOVAKIA; TRANSPORTATION AND TELECOMMUNICATIONS,U,,37,REPORTS
35,CIA-RDP01-00707R000200110036-4,NATIONAL INTELLIGENCE SURVEY 19; HUNGARY; ARMED FORCES,U,,27,REPORTS
36,CIA-RDP01-00707R000200110037-3,NATIONAL INTELLIGENCE SURVEY 19; HUNGARY; COUNTRY PROFILE,U,,36,REPORTS
37,CIA-RDP01-00707R000200110039-1,NATIONAL INTELLIGENCE SURVEY 19; HUNGARY; GOVERNMENT AND POLITICS,U,,65,REPORTS
38,CIA-RDP01-00707R000200110040-9,NATIONAL INTELLIGENCE SURVEY 19; HUNGARY; MILITARY GEOGRAPHY,U,,25,REPORTS
39,CIA-RDP01-00707R000200110042-7,NATIONAL INTELLIGENCE SURVEY 19; HUNGARY; SCIENCE,U,,25,REPORTS
40,CIA-RDP01-00707R000200110038-2,NATIONAL INTELLIGENCE SURVEY 19; HUNGARY; THE ECONOMY,U,,43,REPORTS
41,CIA-RDP01-00707R000200110041-8,NATIONAL INTELLIGENCE SURVEY 19; HUNGARY; THE SOCIETY,U,,58,REPORTS
42,CIA-RDP01-00707R000200110043-6,NATIONAL INTELLIGENCE SURVEY 19; HUNGARY; TRANSPORTATION AND TELECOMMUNICATIONS,U,,36,REPORTS
43,CIA-RDP01-00707R000200110034-6,NATIONAL INTELLIGENCE SURVEY 20; ALBANIA; GENERAL SURVEY,U,,141,REPORTS
44,CIA-RDP01-00707R000200100037-5,NATIONAL INTELLIGENCE SURVEY 21; YUGOSLAVIA; ARMED FORCES,U,,32,REPORTS
45,CIA-RDP01-00707R000200100031-1,NATIONAL INTELLIGENCE SURVEY 21; YUGOSLAVIA; COUNTRY PROFILE,U,,39,REPORTS
46,CIA-RDP01-00707R000200100033-9,NATIONAL INTELLIGENCE SURVEY 21; YUGOSLAVIA; GOVERNMENT AND POLITICS,U,,62,REPORTS
47,CIA-RDP01-00707R000200100035-7,NATIONAL INTELLIGENCE SURVEY 21; YUGOSLAVIA; MILITARY GEOGRAPHY,U,,26,REPORTS
48,CIA-RDP01-00707R000200100038-4,NATIONAL INTELLIGENCE SURVEY 21; YUGOSLAVIA; SCIENCE,U,,25,REPORTS
49,CIA-RDP01-00707R000200100036-6,NATIONAL INTELLIGENCE SURVEY 21; YUGOSLAVIA; THE ECONOMY,U,,38,REPORTS
50,CIA-RDP01-00707R000200100032-0,NATIONAL INTELLIGENCE SURVEY 21; YUGOSLAVIA; THE SOCIETY,U,,71,REPORTS
51,CIA-RDP01-00707R000200100034-8,NATIONAL INTELLIGENCE SURVEY 21; YUGOSLAVIA; TRANSPORTATION AND TELECOMMUNICATIONS,U,,43,REPORTS
52,CIA-RDP01-00707R000200110033-7,NATIONAL INTELLIGENCE SURVEY 22; RUMANIA; GENERAL SURVEY,U,,182,REPORTS
53,CIA-RDP01-00707R000200110035-5,NATIONAL INTELLIGENCE SURVEY 23; BULGARIA; GENERAL SURVEY,U,,195,REPORTS
54,CIA-RDP01-00707R000200110030-0,NATIONAL INTELLIGENCE SURVEY 24; GREECE; ARMED FORCES,U,,29,REPORTS
55,CIA-RDP01-00707R000200110028-3,NATIONAL INTELLIGENCE SURVEY 24; GREECE; MILITARY GEOGRAPHY,U,,47,REPORTS
56,CIA-RDP01-00707R000200110029-2,NATIONAL INTELLIGENCE SURVEY 24; GREECE; THE SOCIETY,U,,56,REPORTS
57,CIA-RDP01-00707R000200110027-4,NATIONAL INTELLIGENCE SURVEY 24; GREECE; TRANSPORTATION AND TELECOMMUNICATIONS,U,,34,REPORTS
58,CIA-RDP01-00707R000200080032-2,NATIONAL INTELLIGENCE SURVEY 25B; MALTA; COUNTRY PROFILE,U,,22,REPORTS
59,CIA-RDP01-00707R000200080034-0,NATIONAL INTELLIGENCE SURVEY 25B; MALTA; GOVERNMENT AND POLITICS,U,,30,REPORTS
60,CIA-RDP01-00707R000200080033-1,NATIONAL INTELLIGENCE SURVEY 25B; MALTA; THE ECONOMY,U,,21,REPORTS
61,CIA-RDP01-00707R000200080035-9,NATIONAL INTELLIGENCE SURVEY 25B; MALTA; THE SOCIETY,U,,27,REPORTS
62,CIA-RDP01-00707R000200080036-8,NATIONAL INTELLIGENCE SURVEY 25B; MALTA; TRANSPORTATION AND TELECOMMUNICATIONS MILITARY GEOGRAPHY AN,U,,28,REPORTS
63,CIA-RDP01-00707R000200090036-7,NATIONAL INTELLIGENCE SURVEY 26; SOVIET UNION; ARMED FORCES,U,,56,REPORTS
64,CIA-RDP01-00707R000200090030-3,NATIONAL INTELLIGENCE SURVEY 26; SOVIET UNION; COUNTRY PROFILE,U,,45,REPORTS
65,CIA-RDP01-00707R000200090032-1,NATIONAL INTELLIGENCE SURVEY 26; SOVIET UNION; GOVERNMENT AND POLITICS,U,,66,REPORTS
66,CIA-RDP01-00707R000200090034-9,NATIONAL INTELLIGENCE SURVEY 26; SOVIET UNION; MILITARY GEOGRAPHY,U,,94,REPORTS
67,CIA-RDP01-00707R000200090037-6,NATIONAL INTELLIGENCE SURVEY 26; SOVIET UNION; SCIENCE,U,,46,REPORTS
68,CIA-RDP01-00707R000200090033-0,NATIONAL INTELLIGENCE SURVEY 26; SOVIET UNION; THE ECONOMY,U,,70,REPORTS
69,CIA-RDP01-00707R000200090031-2,NATIONAL INTELLIGENCE SURVEY 26; SOVIET UNION; THE SOCIETY,U,,112,REPORTS
70,CIA-RDP01-00707R000200090035-8,NATIONAL INTELLIGENCE SURVEY 26; SOVIET UNION; TRANSPORTATION AND TELECOMMUNICATIONS,U,,117,REPORTS
71,CIA-RDP01-00707R000200100024-9,NATIONAL INTELLIGENCE SURVEY 32A; YEMEN (SAN'A'); ARMED FORCES,U,,23,REPORTS
72,CIA-RDP01-00707R000200100025-8,NATIONAL INTELLIGENCE SURVEY 32A; YEMEN (SAN'A'); COUNTRY PROFILE,U,,26,REPORTS
73,CIA-RDP01-00707R000200100027-6,NATIONAL INTELLIGENCE SURVEY 32A; YEMEN (SAN'A'); GOVERNMENT AND POLITICS,U,,36,REPORTS
74,CIA-RDP01-00707R000200100029-4,NATIONAL INTELLIGENCE SURVEY 32A; YEMEN (SAN'A'); MILITARY GEOGRAPHY,U,,26,REPORTS
75,CIA-RDP01-00707R000200100026-7,NATIONAL INTELLIGENCE SURVEY 32A; YEMEN (SAN'A'); THE ECONOMY,U,,24,REPORTS
76,CIA-RDP01-00707R000200100028-5,NATIONAL INTELLIGENCE SURVEY 32A; YEMEN (SAN'A'); THE SOCIETY,U,,55,REPORTS
77,CIA-RDP01-00707R000200100030-2,NATIONAL INTELLIGENCE SURVEY 32A; YEMEN (SAN'A'); TRANSPORTATION AND TELECOMMUNICATIONS,U,,23,REPORTS
78,CIA-RDP01-00707R000200100023-0,NATIONAL INTELLIGENCE SURVEY 32B; SOUTHERN YEMEN (ADEN); ARMED FORCES,U,,22,REPORTS
79,CIA-RDP01-00707R000200100017-7,NATIONAL INTELLIGENCE SURVEY 32B; SOUTHERN YEMEN (ADEN); COUNTRY PROFILE,U,,22,REPORTS
80,CIA-RDP01-00707R000200100019-5,NATIONAL INTELLIGENCE SURVEY 32B; SOUTHERN YEMEN (ADEN); GOVERNMENT AND POLITICS,U,,27,REPORTS
81,CIA-RDP01-00707R000200100022-1,NATIONAL INTELLIGENCE SURVEY 32B; SOUTHERN YEMEN (ADEN); MILITARY GEOGRAPHY,U,,21,REPORTS
82,CIA-RDP01-00707R000200100020-3,NATIONAL INTELLIGENCE SURVEY 32B; SOUTHERN YEMEN (ADEN); THE ECONOMY,U,,24,REPORTS
83,CIA-RDP01-00707R000200100018-6,NATIONAL INTELLIGENCE SURVEY 32B; SOUTHERN YEMEN (ADEN); THE SOCIETY,U,,29,REPORTS
84,CIA-RDP01-00707R000200100021-2,NATIONAL INTELLIGENCE SURVEY 32B; SOUTHERN YEMEN (ADEN); TRANSPORTATION AND TELECOMMUNICATIONS,U,,20,REPORTS
85,CIA-RDP01-00707R000200070042-2,NATIONAL INTELLIGENCE SURVEY 33; IRAN; ARMED FORCES,U,,25,REPORTS
86,CIA-RDP01-00707R000200070039-6,NATIONAL INTELLIGENCE SURVEY 33; IRAN; COUNTRY PROFILE,U,,32,REPORTS
87,CIA-RDP01-00707R000200070040-4,NATIONAL INTELLIGENCE SURVEY 33; IRAN; GOVERNMENT AND POLITICS,U,,48,REPORTS
88,CIA-RDP01-00707R000200070044-0,NATIONAL INTELLIGENCE SURVEY 33; IRAN; MILITARY GEOGRAPHY,U,,32,REPORTS
89,CIA-RDP01-00707R000200070041-3,NATIONAL INTELLIGENCE SURVEY 33; IRAN; THE ECONOMY,U,,44,REPORTS
90,CIA-RDP01-00707R000200070038-7,NATIONAL INTELLIGENCE SURVEY 33; IRAN; THE SOCIETY,U,,67,REPORTS
91,CIA-RDP01-00707R000200070043-1,NATIONAL INTELLIGENCE SURVEY 33; IRAN; TRANSPORTATION AND TELECOMMUNICATIONS,U,,35,REPORTS
92,CIA-RDP01-00707R000200110057-1,NATIONAL INTELLIGENCE SURVEY 35; INDIA; ARMED FORCES,U,,38,REPORTS
93,CIA-RDP01-00707R000200110058-0,NATIONAL INTELLIGENCE SURVEY 35; INDIA; COUNTRY PROFILE,U,,35,REPORTS
94,CIA-RDP01-00707R000200070032-3,NATIONAL INTELLIGENCE SURVEY 35; INDIA; GOVERNMENT AND POLITICS,U,,81,REPORTS
95,CIA-RDP01-00707R000200070033-2,NATIONAL INTELLIGENCE SURVEY 35; INDIA; MILITARY GEOGRAPHY,U,,32,REPORTS
96,CIA-RDP01-00707R000200070034-1,NATIONAL INTELLIGENCE SURVEY 35; INDIA; SCIENCE,U,,24,REPORTS
97,CIA-RDP01-00707R000200110059-9,NATIONAL INTELLIGENCE SURVEY 35; INDIA; THE ECONOMY,U,,50,REPORTS
98,CIA-RDP01-00707R000200070035-0,NATIONAL INTELLIGENCE SURVEY 35; INDIA; THE SOCIETY,U,,83,REPORTS
99,CIA-RDP01-00707R000200070036-9,NATIONAL INTELLIGENCE SURVEY 35; INDIA; TRANSPORTATION AND TELECOMMUNICATIONS,U,,39,REPORTS
100,CIA-RDP01-00707R000200100008-7,NATIONAL INTELLIGENCE SURVEY 36; PAKISTAN; ARMED FORCES,U,,27,REPORTS
101,CIA-RDP01-00707R000200080022-3,NATIONAL INTELLIGENCE SURVEY 39B; NATIONALIST CHINA; ARMED FORCES,U,,22,REPORTS
102,CIA-RDP01-00707R000200080025-0,NATIONAL INTELLIGENCE SURVEY 39B; NATIONALIST CHINA; GOVERNMENT AND POLITICS,U,,37,REPORTS
103,CIA-RDP01-00707R000200080023-2,NATIONAL INTELLIGENCE SURVEY 39B; NATIONALIST CHINA; SCIENCE,U,,17,REPORTS
104,CIA-RDP01-00707R000200080004-3,NATIONAL INTELLIGENCE SURVEY 41B; SOUTH KOREA; ARMED FORCES,U,,23,REPORTS
105,CIA-RDP01-00707R000200080005-2,NATIONAL INTELLIGENCE SURVEY 41B; SOUTH KOREA; COUNTRY PROFILE,U,,37,REPORTS
106,CIA-RDP01-00707R000200080007-0,NATIONAL INTELLIGENCE SURVEY 41B; SOUTH KOREA; GOVERNMENT AND POLITICS,U,,36,REPORTS
107,CIA-RDP01-00707R000200080008-9,NATIONAL INTELLIGENCE SURVEY 41B; SOUTH KOREA; MILITARY GEOGRAPHY,U,,24,REPORTS
108,CIA-RDP01-00707R000200080006-1,NATIONAL INTELLIGENCE SURVEY 41B; SOUTH KOREA; THE ECONOMY,U,,29,REPORTS
109,CIA-RDP01-00707R000200080009-8,NATIONAL INTELLIGENCE SURVEY 41B; SOUTH KOREA; THE SOCIETY,U,,40,REPORTS
110,CIA-RDP01-00707R000200080010-6,NATIONAL INTELLIGENCE SURVEY 41B; SOUTH KOREA; TRANSPORTATION AND TELECOMMUNICATIONS,U,,31,REPORTS
111,CIA-RDP01-00707R000200090024-0,NATIONAL INTELLIGENCE SURVEY 42; THAILAND; ARMED FORCES,U,,24,REPORTS
112,CIA-RDP01-00707R000200090025-9,NATIONAL INTELLIGENCE SURVEY 42; THAILAND; COUNTRY PROFILE,U,,27,REPORTS
113,CIA-RDP01-00707R000200090027-7,NATIONAL INTELLIGENCE SURVEY 42; THAILAND; GOVERNMENT AND POLITICS,U,,44,REPORTS
114,CIA-RDP01-00707R000200090026-8,NATIONAL INTELLIGENCE SURVEY 42; THAILAND; THE ECONOMY,U,,38,REPORTS
115,CIA-RDP01-00707R000200090028-6,NATIONAL INTELLIGENCE SURVEY 42; THAILAND; THE SOCIETY,U,,69,REPORTS
116,CIA-RDP01-00707R000200090029-5,NATIONAL INTELLIGENCE SURVEY 42; THAILAND; TRANSPORTATION AND TELECOMMUNICATIONS,U,,36,REPORTS
117,CIA-RDP01-00707R000200090007-9,NATIONAL INTELLIGENCE SURVEY 44C; SINGAPORE; ARMED FORCES,U,,27,REPORTS
118,CIA-RDP01-00707R000200090008-8,NATIONAL INTELLIGENCE SURVEY 44C; SINGAPORE; COUNTRY PROFILE,U,,30,REPORTS
119,CIA-RDP01-00707R000200090010-5,NATIONAL INTELLIGENCE SURVEY 44C; SINGAPORE; GOVERNMENT AND POLITICS,U,,36,REPORTS
120,CIA-RDP01-00707R000200090012-3,NATIONAL INTELLIGENCE SURVEY 44C; SINGAPORE; MILITARY GEOGRAPHY,U,,17,REPORTS
121,CIA-RDP01-00707R000200090009-7,NATIONAL INTELLIGENCE SURVEY 44C; SINGAPORE; THE ECONOMY,U,,24,REPORTS
122,CIA-RDP01-00707R000200090011-4,NATIONAL INTELLIGENCE SURVEY 44C; SINGAPORE; THE SOCIETY,U,,61,REPORTS
123,CIA-RDP01-00707R000200090013-2,NATIONAL INTELLIGENCE SURVEY 44C; SINGAPORE; TRANSPORTATION AND TELECOMMUNICATIONS,U,,22,REPORTS
124,CIA-RDP01-00707R000200080031-3,NATIONAL INTELLIGENCE SURVEY 48; MOROCCO; ARMED FORCES,U,,22,REPORTS
125,CIA-RDP01-00707R000200080024-1,NATIONAL INTELLIGENCE SURVEY 48; MOROCCO; COUNTRY PROFILE,U,,35,REPORTS
126,CIA-RDP01-00707R000200080027-8,NATIONAL INTELLIGENCE SURVEY 48; MOROCCO; GOVERNMENT AND POLITICS,U,,39,REPORTS
127,CIA-RDP01-00707R000200080030-4,NATIONAL INTELLIGENCE SURVEY 48; MOROCCO; MILITARY GEOGRAPHY,U,,30,REPORTS
128,CIA-RDP01-00707R000200080028-7,NATIONAL INTELLIGENCE SURVEY 48; MOROCCO; THE ECONOMY,U,,36,REPORTS
129,CIA-RDP01-00707R000200080026-9,NATIONAL INTELLIGENCE SURVEY 48; MOROCCO; THE SOCIETY,U,,71,REPORTS
130,CIA-RDP01-00707R000200080029-6,NATIONAL INTELLIGENCE SURVEY 48; MOROCCO; TRANSPORTATION AND TELECOMMUNICATIONS,U,,27,REPORTS
131,CIA-RDP01-00707R000200080014-2,NATIONAL INTELLIGENCE SURVEY 49; LIBYA; ARMED FORCES,U,,19,REPORTS
132,CIA-RDP01-00707R000200080013-3,NATIONAL INTELLIGENCE SURVEY 49; LIBYA; GOVERNMENT AND POLITICS,U,,33,REPORTS
133,CIA-RDP01-00707R000200080012-4,NATIONAL INTELLIGENCE SURVEY 49; LIBYA; THE ECONOMY,U,,25,REPORTS
134,CIA-RDP01-00707R000200100001-4,NATIONAL INTELLIGENCE SURVEY 50B; NIGERIA; ARMED FORCES,U,,24,REPORTS
135,CIA-RDP01-00707R000200100002-3,NATIONAL INTELLIGENCE SURVEY 50B; NIGERIA; COUNTRY PROFILE,U,,33,REPORTS
136,CIA-RDP01-00707R000200100004-1,NATIONAL INTELLIGENCE SURVEY 50B; NIGERIA; GOVERNMENT AND POLITICS,U,,40,REPORTS
137,CIA-RDP01-00707R000200100005-0,NATIONAL INTELLIGENCE SURVEY 50B; NIGERIA; MILITARY GEOGRAPHY,U,,34,REPORTS
138,CIA-RDP01-00707R000200100003-2,NATIONAL INTELLIGENCE SURVEY 50B; NIGERIA; THE ECONOMY,U,,27,REPORTS
139,CIA-RDP01-00707R000200100006-9,NATIONAL INTELLIGENCE SURVEY 50B; NIGERIA; THE SOCIETY,U,,71,REPORTS
140,CIA-RDP01-00707R000200100007-8,NATIONAL INTELLIGENCE SURVEY 50B; NIGERIA; TRANSPORTATION AND TELECOMMUNICATIONS,U,,30,REPORTS
141,CIA-RDP01-00707R000200110060-7,NATIONAL INTELLIGENCE SURVEY 50E; GUINEA; ARMED FORCES,U,,16,REPORTS
142,CIA-RDP01-00707R000200110061-6,NATIONAL INTELLIGENCE SURVEY 50E; GUINEA; COUNTRY PROFILE,U,,30,REPORTS
143,CIA-RDP01-00707R000200070001-7,NATIONAL INTELLIGENCE SURVEY 50E; GUINEA; GOVERNMENT AND POLITICS,U,,37,REPORTS
144,CIA-RDP01-00707R000200070002-6,NATIONAL INTELLIGENCE SURVEY 50E; GUINEA; MILITARY GEOGRAPHY,U,,23,REPORTS
145,CIA-RDP01-00707R000200110062-5,NATIONAL INTELLIGENCE SURVEY 50E; GUINEA; THE ECONOMY,U,,23,REPORTS
146,CIA-RDP01-00707R000200070003-5,NATIONAL INTELLIGENCE SURVEY 50E; GUINEA; THE SOCIETY,U,,41,REPORTS
147,CIA-RDP01-00707R000200080011-5,NATIONAL INTELLIGENCE SURVEY 51; LIBERIA; ARMED FORCES,U,,16,REPORTS
148,CIA-RDP01-00707R000200100009-6,NATIONAL INTELLIGENCE SURVEY 58; MOZAMBIQUE; ARMED FORCES,U,,24,REPORTS
149,CIA-RDP01-00707R000200100010-4,NATIONAL INTELLIGENCE SURVEY 58; MOZAMBIQUE; COUNTRY PROFILE,U,,27,REPORTS
150,CIA-RDP01-00707R000200100012-2,NATIONAL INTELLIGENCE SURVEY 58; MOZAMBIQUE; GOVERNMENT AND POLITICS,U,,32,REPORTS
151,CIA-RDP01-00707R000200100014-0,NATIONAL INTELLIGENCE SURVEY 58; MOZAMBIQUE; MILITARY GEOGRAPHY,U,,32,REPORTS
152,CIA-RDP01-00707R000200100011-3,NATIONAL INTELLIGENCE SURVEY 58; MOZAMBIQUE; THE ECONOMY,U,,18,REPORTS
153,CIA-RDP01-00707R000200100013-1,NATIONAL INTELLIGENCE SURVEY 58; MOZAMBIQUE; THE SOCIETY,U,,53,REPORTS
154,CIA-RDP01-00707R000200100015-9,NATIONAL INTELLIGENCE SURVEY 58; MOZAMBIQUE; TRANSPORTATION AND TELECOMMUNICATIONS,U,,26,REPORTS
155,CIA-RDP01-00707R000200110001-2,NATIONAL INTELLIGENCE SURVEY 60A; ZAIRE; ARMED FORCES,U,,22,REPORTS
156,CIA-RDP01-00707R000200110007-6,NATIONAL INTELLIGENCE SURVEY 60A; ZAIRE; COUNTRY PROFILE,U,,36,REPORTS
157,CIA-RDP01-00707R000200110002-1,NATIONAL INTELLIGENCE SURVEY 60A; ZAIRE; GOVERNMENT AND POLITICS,U,,49,REPORTS
158,CIA-RDP01-00707R000200110004-9,NATIONAL INTELLIGENCE SURVEY 60A; ZAIRE; MILITARY GEOGRAPHY,U,,29,REPORTS
159,CIA-RDP01-00707R000200110003-0,NATIONAL INTELLIGENCE SURVEY 60A; ZAIRE; THE ECONOMY,U,,35,REPORTS
160,CIA-RDP01-00707R000200110005-8,NATIONAL INTELLIGENCE SURVEY 60A; ZAIRE; THE SOCIETY,U,,53,REPORTS
161,CIA-RDP01-00707R000200110006-7,NATIONAL INTELLIGENCE SURVEY 60A; ZAIRE; TRANSPORTATION AND TELECOMMUNICATIONS,U,,32,REPORTS
162,CIA-RDP01-00707R000200080037-7,NATIONAL INTELLIGENCE SURVEY 62; MALAGASY REPUBLIC; ARMED FORCES,U,,18,REPORTS
163,CIA-RDP01-00707R000200080038-6,NATIONAL INTELLIGENCE SURVEY 62; MALAGASY REPUBLIC; COUNTRY PROFILE,U,,30,REPORTS
164,CIA-RDP01-00707R000200080040-3,NATIONAL INTELLIGENCE SURVEY 62; MALAGASY REPUBLIC; GOVERNMENT AND POLITICS,U,,39,REPORTS
165,CIA-RDP01-00707R000200080041-2,NATIONAL INTELLIGENCE SURVEY 62; MALAGASY REPUBLIC; MILITARY GEOGRAPHY,U,,23,REPORTS
166,CIA-RDP01-00707R000200080039-5,NATIONAL INTELLIGENCE SURVEY 62; MALAGASY REPUBLIC; THE ECONOMY,U,,20,REPORTS
167,CIA-RDP01-00707R000200080042-1,NATIONAL INTELLIGENCE SURVEY 62; MALAGASY REPUBLIC; THE SOCIETY,U,,43,REPORTS
168,CIA-RDP01-00707R000200080043-0,NATIONAL INTELLIGENCE SURVEY 62; MALAGASY REPUBLIC; TRANSPORTATION AND TELECOMMUNICATIONS,U,,28,REPORTS
169,CIA-RDP01-00707R000200110044-5,NATIONAL INTELLIGENCE SURVEY 68; ICELAND; COUNTRY PROFILE,U,,25,REPORTS
170,CIA-RDP01-00707R000200110053-5,NATIONAL INTELLIGENCE SURVEY 68; ICELAND; GOVERNMENT AND POLITICS,U,,40,REPORTS
171,CIA-RDP01-00707R000200110055-3,NATIONAL INTELLIGENCE SURVEY 68; ICELAND; MILITARY GEOGRAPHY,U,,18,REPORTS
172,CIA-RDP01-00707R000200110052-6,NATIONAL INTELLIGENCE SURVEY 68; ICELAND; THE ECONOMY,U,,23,REPORTS
173,CIA-RDP01-00707R000200110054-4,NATIONAL INTELLIGENCE SURVEY 68; ICELAND; THE SOCIETY,U,,44,REPORTS
174,CIA-RDP01-00707R000200110056-2,NATIONAL INTELLIGENCE SURVEY 68; ICELAND; TRANSPORTATION AND TELECOMMUNICATIONS,U,,20,REPORTS
175,CIA-RDP01-00707R000200110045-4,NATIONAL INTELLIGENCE SURVEY 71; GUATEMALA; ARMED FORCES,U,,21,REPORTS
176,CIA-RDP01-00707R000200110046-3,NATIONAL INTELLIGENCE SURVEY 71; GUATEMALA; COUNTRY PROFILE,U,,24,REPORTS
177,CIA-RDP01-00707R000200110048-1,NATIONAL INTELLIGENCE SURVEY 71; GUATEMALA; GOVERNMENT AND POLITICS,U,,43,REPORTS
178,CIA-RDP01-00707R000200110049-0,NATIONAL INTELLIGENCE SURVEY 71; GUATEMALA; MILITARY GEOGRAPHY,U,,28,REPORTS
179,CIA-RDP01-00707R000200110047-2,NATIONAL INTELLIGENCE SURVEY 71; GUATEMALA; THE ECONOMY,U,,28,REPORTS
180,CIA-RDP01-00707R000200110050-8,NATIONAL INTELLIGENCE SURVEY 71; GUATEMALA; THE SOCIETY,U,,69,REPORTS
181,CIA-RDP01-00707R000200110051-7,NATIONAL INTELLIGENCE SURVEY 71; GUATEMALA; TRANSPORTATION AND TELECOMMUNICATIONS,U,,28,REPORTS
182,CIA-RDP01-00707R000200070012-5,NATIONAL INTELLIGENCE SURVEY 73; HONDURAS; ARMED FORCES,U,,15,REPORTS
183,CIA-RDP01-00707R000200070013-4,NATIONAL INTELLIGENCE SURVEY 73; HONDURAS; COUNTRY PROFILE,U,,25,REPORTS
184,CIA-RDP01-00707R000200070017-0,NATIONAL INTELLIGENCE SURVEY 73; HONDURAS; GOVERNMENT AND POLITICS,U,,26,REPORTS
185,CIA-RDP01-00707R000200070016-1,NATIONAL INTELLIGENCE SURVEY 73; HONDURAS; MILITARY GEOGRAPHY,U,,28,REPORTS
186,CIA-RDP01-00707R000200070014-3,NATIONAL INTELLIGENCE SURVEY 73; HONDURAS; THE ECONOMY,U,,27,REPORTS
187,CIA-RDP01-00707R000200070018-9,NATIONAL INTELLIGENCE SURVEY 73; HONDURAS; THE SOCIETY,U,,36,REPORTS
188,CIA-RDP01-00707R000200070019-8,NATIONAL INTELLIGENCE SURVEY 73; HONDURAS; TRANSPORTATION AND TELECOMMUNICATIONS,U,,21,REPORTS
189,CIA-RDP01-00707R000200080045-8,NATIONAL INTELLIGENCE SURVEY 77; PANAMA; MILITARY GEOGRAPHY,U,,27,REPORTS
190,CIA-RDP01-00707R000200080044-9,NATIONAL INTELLIGENCE SURVEY 77; PANAMA; THE ECONOMY,U,,22,REPORTS
191,CIA-RDP01-00707R000200080046-7,NATIONAL INTELLIGENCE SURVEY 77; PANAMA; THE SOCIETY,U,,59,REPORTS
192,CIA-RDP01-00707R000200110016-6,NATIONAL INTELLIGENCE SURVEY 7; DENMARK; GOVERNMENT AND POLITICS,U,,47,REPORTS
193,CIA-RDP01-00707R000200110018-4,NATIONAL INTELLIGENCE SURVEY 7; DENMARK; MILITARY GEOGRAPHY,U,,32,REPORTS
194,CIA-RDP01-00707R000200110017-5,NATIONAL INTELLIGENCE SURVEY 7; DENMARK; SCIENCE,U,,16,REPORTS
195,CIA-RDP01-00707R000200110025-6,NATIONAL INTELLIGENCE SURVEY 87; ECUADOR; ARMED FORCES,U,,30,REPORTS
196,CIA-RDP01-00707R000200110026-5,NATIONAL INTELLIGENCE SURVEY 87; ECUADOR; COUNTRY PROFILE,U,,23,REPORTS
197,CIA-RDP01-00707R000200110031-9,NATIONAL INTELLIGENCE SURVEY 87; ECUADOR; GOVERNMENT AND POLITICS,U,,31,REPORTS
198,CIA-RDP01-00707R000200070022-4,NATIONAL INTELLIGENCE SURVEY 87; ECUADOR; MILITARY GEOGRAPHY,U,,30,REPORTS
199,CIA-RDP01-00707R000200110032-8,NATIONAL INTELLIGENCE SURVEY 87; ECUADOR; THE ECONOMY,U,,33,REPORTS
200,CIA-RDP01-00707R000200070020-6,NATIONAL INTELLIGENCE SURVEY 87; ECUADOR; THE SOCIETY,U,,58,REPORTS
201,CIA-RDP01-00707R000200070021-5,NATIONAL INTELLIGENCE SURVEY 87; ECUADOR; TRANSPORTATION AND TELECOMMUNICATIONS,U,,25,REPORTS
202,CIA-RDP01-00707R000200100016-8,NATIONAL INTELLIGENCE SURVEY 91; URUGUAY; THE SOCIETY,U,,46,REPORTS
203,CIA-RDP01-00707R000200080020-5,NATIONAL INTELLIGENCE SURVEY 94; BRAZIL; ARMED FORCES,U,,31,REPORTS
204,CIA-RDP01-00707R000200080019-7,NATIONAL INTELLIGENCE SURVEY 94; BRAZIL; COUNTRY PROFILE,U,,33,REPORTS
205,CIA-RDP01-00707R000200080017-9,NATIONAL INTELLIGENCE SURVEY 94; BRAZIL; GOVERNMENT AND POLITICS,U,,66,REPORTS
206,CIA-RDP01-00707R000200080015-1,NATIONAL INTELLIGENCE SURVEY 94; BRAZIL; SCIENCE,U,,23,REPORTS
207,CIA-RDP01-00707R000200080018-8,NATIONAL INTELLIGENCE SURVEY 94; BRAZIL; THE ECONOMY,U,,47,REPORTS
208,CIA-RDP01-00707R000200080016-0,NATIONAL INTELLIGENCE SURVEY 94; BRAZIL; THE SOCIETY,U,,83,REPORTS
209,CIA-RDP01-00707R000200080021-4,NATIONAL INTELLIGENCE SURVEY 94; BRAZIL; TRANSPORTATION AND TELECOMMUNICATIONS,U,,50,REPORTS
210,CIA-RDP01-00707R000200070011-6,NATIONAL INTELLIGENCE SURVEY 95A; GUYANA; ARMED FORCES,U,,18,REPORTS
211,CIA-RDP01-00707R000200070010-7,NATIONAL INTELLIGENCE SURVEY 95A; GUYANA; COUNTRY PROFILE,U,,28,REPORTS
212,CIA-RDP01-00707R000200070006-2,NATIONAL INTELLIGENCE SURVEY 95A; GUYANA; GOVERNMENT AND POLITICS,U,,38,REPORTS
213,CIA-RDP01-00707R000200070004-4,NATIONAL INTELLIGENCE SURVEY 95A; GUYANA; MILITARY GEOGRAPHY,U,,22,REPORTS
214,CIA-RDP01-00707R000200070005-3,NATIONAL INTELLIGENCE SURVEY 95A; GUYANA; THE ECONOMY,U,,25,REPORTS
215,CIA-RDP01-00707R000200070007-1,NATIONAL INTELLIGENCE SURVEY 95A; GUYANA; THE SOCIETY,U,,54,REPORTS
216,CIA-RDP01-00707R000200070009-9,NATIONAL INTELLIGENCE SURVEY 95A; GUYANA; TRANSPORTATION AND TELECOMMUNICATIONS,U,,22,REPORTS
217,CIA-RDP01-00707R000200090001-5,NATIONAL INTELLIGENCE SURVEY 99; PHILIPPINES; ARMED FORCES,U,,21,REPORTS
218,CIA-RDP01-00707R000200090002-4,NATIONAL INTELLIGENCE SURVEY 99; PHILIPPINES; COUNTRY PROFILE,U,,36,REPORTS
219,CIA-RDP01-00707R000200090004-2,NATIONAL INTELLIGENCE SURVEY 99; PHILIPPINES; MILITARY GEOGRAPHY,U,,25,REPORTS
220,CIA-RDP01-00707R000200090003-3,NATIONAL INTELLIGENCE SURVEY 99; PHILIPPINES; THE ECONOMY,U,,29,REPORTS
221,CIA-RDP01-00707R000200090005-1,NATIONAL INTELLIGENCE SURVEY 99; PHILIPPINES; THE SOCIETY,U,,65,REPORTS
222,CIA-RDP01-00707R000200090006-0,NATIONAL INTELLIGENCE SURVEY 99; PHILIPPINES; TRANSPORTATION AND TELECOMMUNICATIONS,U,,34,REPORTS
223,CIA-RDP01-00707R000200090014-1,NATIONAL INTELLIGENCE SURVEY 9; SPAIN; ARMED FORCES,U,,43,REPORTS
224,CIA-RDP01-00707R000200090015-0,NATIONAL INTELLIGENCE SURVEY 9; SPAIN; SCIENCE,U,,21,REPORTS
225,CIA-RDP01-00707R000200030005-9,NATIONAL INTELLIGENCE SURVEY GAZETTEER FOR AFGHANISTAN,U,,192,REPORTS
226,CIA-RDP01-00707R000200040010-2,NATIONAL INTELLIGENCE SURVEY GAZETTEER FOR AFRICA AND SOUTHWEST ASIA,U,,162,REPORTS
227,CIA-RDP01-00707R000100020001-5,NATIONAL INTELLIGENCE SURVEY GAZETTEER FOR ALASKA,R,,259,REPORTS
228,CIA-RDP01-00707R000100040010-3,NATIONAL INTELLIGENCE SURVEY GAZETTEER FOR ALBANIA,R,,304,REPORTS
229,CIA-RDP01-00707R000100020011-4,NATIONAL INTELLIGENCE SURVEY GAZETTEER FOR ALBANIA,R,,163,REPORTS
230,CIA-RDP01-00707R000100110001-5,NATIONAL INTELLIGENCE SURVEY GAZETTEER FOR ALBANIA,U,,215,REPORTS
231,CIA-RDP01-00707R000100150010-1,NATIONAL INTELLIGENCE SURVEY GAZETTEER FOR ALGERIA,U,,773,REPORTS
232,CIA-RDP01-00707R000200060009-2,NATIONAL INTELLIGENCE SURVEY GAZETTEER FOR ANDORRA,U,,87,REPORTS
233,CIA-RDP01-00707R000100010007-0,NATIONAL INTELLIGENCE SURVEY GAZETTEER FOR ANGLO-EGYPTIAN SUDAN,R,,147,REPORTS
234,CIA-RDP01-00707R000100080005-5,NATIONAL INTELLIGENCE SURVEY GAZETTEER FOR ANGOLA,U,,241,REPORTS
235,CIA-RDP01-00707R000200040013-9,NATIONAL INTELLIGENCE SURVEY GAZETTEER FOR ANGOLA,U,,258,REPORTS
236,CIA-RDP01-00707R000100140016-6,NATIONAL INTELLIGENCE SURVEY GAZETTEER FOR ANTARCTICA,U,,225,REPORTS
237,CIA-RDP01-00707R000100080001-9,NATIONAL INTELLIGENCE SURVEY GAZETTEER FOR ANTARCTICA,U,,339,REPORTS
238,CIA-RDP01-00707R000200050012-9,NATIONAL INTELLIGENCE SURVEY GAZETTEER FOR ANTARCTICA,U,,240,REPORTS
239,CIA-RDP01-00707R000100140013-9,NATIONAL INTELLIGENCE SURVEY GAZETTEER FOR ANTARCTICA,U,,177,REPORTS
240,CIA-RDP01-00707R000100010005-2,NATIONAL INTELLIGENCE SURVEY GAZETTEER FOR ARABIAN PENINSULA,R,,171,REPORTS
241,CIA-RDP01-00707R000200050010-1,NATIONAL INTELLIGENCE SURVEY GAZETTEER FOR ARABIAN PENINSULA,U,,506,REPORTS
242,CIA-RDP01-00707R000100110006-0,NATIONAL INTELLIGENCE SURVEY GAZETTEER FOR ARABIAN PENINSULA,U,,475,REPORTS
243,CIA-RDP01-00707R000200050011-0,NATIONAL INTELLIGENCE SURVEY GAZETTEER FOR ARGENTINA,U,,659,REPORTS
244,CIA-RDP01-00707R000200030009-5,NATIONAL INTELLIGENCE SURVEY GAZETTEER FOR ARGENTINA,U,,706,REPORTS
245,CIA-RDP01-00707R000200060005-6,NATIONAL INTELLIGENCE SURVEY GAZETTEER FOR ASIA,U,,145,REPORTS
246,CIA-RDP01-00707R000100030004-1,NATIONAL INTELLIGENCE SURVEY GAZETTEER FOR AUSTRIA,R,,174,REPORTS
247,CIA-RDP01-00707R000100120005-0,NATIONAL INTELLIGENCE SURVEY GAZETTEER FOR AUSTRIA,U,,400,REPORTS
248,CIA-RDP01-00707R000100160001-0,"NATIONAL INTELLIGENCE SURVEY GAZETTEER FOR BAHRAIN, KUWAIT, QATAR, AND UNITED ARAB",U,,165,REPORTS
249,CIA-RDP01-00707R000100160002-9,NATIONAL INTELLIGENCE SURVEY GAZETTEER FOR BANGLADESH,U,,534,REPORTS
250,CIA-RDP01-00707R000100040015-8,NATIONAL INTELLIGENCE SURVEY GAZETTEER FOR BELGIAN CONGO,R,,357,REPORTS
251,CIA-RDP01-00707R000100030003-2,NATIONAL INTELLIGENCE SURVEY GAZETTEER FOR BELGIUM,R,,306,REPORTS
252,CIA-RDP01-00707R000200050006-6,NATIONAL INTELLIGENCE SURVEY GAZETTEER FOR BELGIUM,U,,433,REPORTS
253,CIA-RDP01-00707R000100130007-7,NATIONAL INTELLIGENCE SURVEY GAZETTEER FOR BELGIUM,U,,410,REPORTS
254,CIA-RDP01-00707R000200050002-0,NATIONAL INTELLIGENCE SURVEY GAZETTEER FOR BELIZE,U,,31,REPORTS
255,CIA-RDP01-00707R000100070010-0,NATIONAL INTELLIGENCE SURVEY GAZETTEER FOR BOLIVIA,U,,276,REPORTS
256,CIA-RDP01-00707R000200050004-8,NATIONAL INTELLIGENCE SURVEY GAZETTEER FOR BOLIVIA,U,,292,REPORTS
257,CIA-RDP01-00707R000100130003-1,NATIONAL INTELLIGENCE SURVEY GAZETTEER FOR BRAZIL,U,,923,REPORTS
258,CIA-RDP01-00707R000200050005-7,NATIONAL INTELLIGENCE SURVEY GAZETTEER FOR BRAZIL,U,,982,REPORTS
259,CIA-RDP01-00707R000200050003-9,NATIONAL INTELLIGENCE SURVEY GAZETTEER FOR BRITISH EAST AFRICA,U,,647,REPORTS
260,CIA-RDP01-00707R000100070005-6,NATIONAL INTELLIGENCE SURVEY GAZETTEER FOR BRITISH EAST AFRICA,U,,610,REPORTS
261,CIA-RDP01-00707R000200050008-4,NATIONAL INTELLIGENCE SURVEY GAZETTEER FOR BRITISH HONDURAS,U,,32,REPORTS
262,CIA-RDP01-00707R000100040011-2,NATIONAL INTELLIGENCE SURVEY GAZETTEER FOR BRITISH INDONESIA,R,,475,REPORTS
263,CIA-RDP01-00707R000100150013-8,NATIONAL INTELLIGENCE SURVEY GAZETTEER FOR BRITISH SOLOMON ISLANDS AND GILBERT AND ELLICE ISLANDS,U,,217,REPORTS
264,CIA-RDP01-00707R000100070007-4,NATIONAL INTELLIGENCE SURVEY GAZETTEER FOR BRITISH WEST INDIES AND BERMUDA,U,,168,REPORTS
265,CIA-RDP01-00707R000100020005-1,NATIONAL INTELLIGENCE SURVEY GAZETTEER FOR BULGARIA,R,,218,REPORTS
266,CIA-RDP01-00707R000100100003-4,NATIONAL INTELLIGENCE SURVEY GAZETTEER FOR BULGARIA,U,,301,REPORTS
267,CIA-RDP01-00707R000100030008-7,NATIONAL INTELLIGENCE SURVEY GAZETTEER FOR BURMA,R,,183,REPORTS
268,CIA-RDP01-00707R000100140008-5,NATIONAL INTELLIGENCE SURVEY GAZETTEER FOR BURMA,U,,734,REPORTS
269,CIA-RDP01-00707R000100130013-0,NATIONAL INTELLIGENCE SURVEY GAZETTEER FOR BURUNDI,U,,50,REPORTS
270,CIA-RDP01-00707R000200040002-1,NATIONAL INTELLIGENCE SURVEY GAZETTEER FOR CAMBODIA,U,,409,REPORTS
271,CIA-RDP01-00707R000100130004-0,NATIONAL INTELLIGENCE SURVEY GAZETTEER FOR CAMBODIA,U,,207,REPORTS
272,CIA-RDP01-00707R000100120003-2,NATIONAL INTELLIGENCE SURVEY GAZETTEER FOR CAMEROON,U,,263,REPORTS
273,CIA-RDP01-00707R000100120004-1,NATIONAL INTELLIGENCE SURVEY GAZETTEER FOR CENTRAL AFRICAN REPUBLIC,U,,227,REPORTS
274,CIA-RDP01-00707R000100030007-8,NATIONAL INTELLIGENCE SURVEY GAZETTEER FOR CEYLON,R,,99,REPORTS
275,CIA-RDP01-00707R000100100010-6,NATIONAL INTELLIGENCE SURVEY GAZETTEER FOR CEYLON,U,,367,REPORTS
276,CIA-RDP01-00707R000100120007-8,NATIONAL INTELLIGENCE SURVEY GAZETTEER FOR CHAD,U,,241,REPORTS
277,CIA-RDP01-00707R000200010007-9,NATIONAL INTELLIGENCE SURVEY GAZETTEER FOR CHILE,U,,601,REPORTS
278,CIA-RDP01-00707R000100070011-9,NATIONAL INTELLIGENCE SURVEY GAZETTEER FOR CHILE,U,,359,REPORTS
279,CIA-RDP01-00707R000200040006-7,NATIONAL INTELLIGENCE SURVEY GAZETTEER FOR CHILE,R,,601,REPORTS
280,CIA-RDP01-00707R000100040001-3,NATIONAL INTELLIGENCE SURVEY GAZETTEER FOR CHINA,R,,488,REPORTS
281,CIA-RDP01-00707R000100090007-2,NATIONAL INTELLIGENCE SURVEY GAZETTEER FOR CHINA,U,,12,REPORTS
282,CIA-RDP01-00707R000100070009-2,NATIONAL INTELLIGENCE SURVEY GAZETTEER FOR CHINA VOL. 3,U,,403,REPORTS
283,CIA-RDP01-00707R000100050007-6,NATIONAL INTELLIGENCE SURVEY GAZETTEER FOR COLOMBIA,R,,292,REPORTS
284,CIA-RDP01-00707R000100140001-2,NATIONAL INTELLIGENCE SURVEY GAZETTEER FOR COLOMBIA,U,,406,REPORTS
285,CIA-RDP01-00707R000100130002-2,NATIONAL INTELLIGENCE SURVEY GAZETTEER FOR COMMUNIST CHINA,U,,263,REPORTS
286,CIA-RDP01-00707R000200040007-6,NATIONAL INTELLIGENCE SURVEY GAZETTEER FOR COMMUNIST CHINA VOL. 1,U,,800,REPORTS
287,CIA-RDP01-00707R000200010010-5,NATIONAL INTELLIGENCE SURVEY GAZETTEER FOR COMMUNIST CHINA VOL. 1 (A-L),U,,801,REPORTS
288,CIA-RDP01-00707R000200040008-5,NATIONAL INTELLIGENCE SURVEY GAZETTEER FOR COMMUNIST CHINA VOL. 2,U,,774,REPORTS
289,CIA-RDP01-00707R000200030003-1,NATIONAL INTELLIGENCE SURVEY GAZETTEER FOR COMMUNIST CHINA VOL. 2 (M-Z),U,,773,REPORTS
290,CIA-RDP01-00707R000100120002-3,NATIONAL INTELLIGENCE SURVEY GAZETTEER FOR CONGO,U,,117,REPORTS
291,CIA-RDP01-00707R000100130005-9,NATIONAL INTELLIGENCE SURVEY GAZETTEER FOR CUBA,U,,629,REPORTS
292,CIA-RDP01-00707R000100090001-8,NATIONAL INTELLIGENCE SURVEY GAZETTEER FOR CUBA,U,,121,REPORTS
293,CIA-RDP01-00707R000200050009-3,NATIONAL INTELLIGENCE SURVEY GAZETTEER FOR CUBA,U,,670,REPORTS
294,CIA-RDP01-00707R000100050001-2,"NATIONAL INTELLIGENCE SURVEY GAZETTEER FOR CYPRUS, MALTA AND GIBRALTAR",R,,91,REPORTS
295,CIA-RDP01-00707R000200040012-0,"NATIONAL INTELLIGENCE SURVEY GAZETTEER FOR CYPRUS, MALTA AND GIBRALTER",U,,90,REPORTS
296,CIA-RDP01-00707R000100020012-3,NATIONAL INTELLIGENCE SURVEY GAZETTEER FOR CZECHOSLOVAKIA,R,,211,REPORTS
297,CIA-RDP01-00707R000200030013-0,NATIONAL INTELLIGENCE SURVEY GAZETTEER FOR CZECHOSLOVAKIA,U,,941,REPORTS
298,CIA-RDP01-00707R000100140003-0,NATIONAL INTELLIGENCE SURVEY GAZETTEER FOR DAHOMEY,U,,97,REPORTS
299,CIA-RDP01-00707R000200050007-5,NATIONAL INTELLIGENCE SURVEY GAZETTEER FOR DENMARK,U,,269,REPORTS
300,CIA-RDP01-00707R000100110005-1,NATIONAL INTELLIGENCE SURVEY GAZETTEER FOR DENMARK,U,,253,REPORTS
301,CIA-RDP01-00707R000100010010-6,NATIONAL INTELLIGENCE SURVEY GAZETTEER FOR DENMARK AND THE FAEROE ISLANDS,R,,121,REPORTS
302,CIA-RDP01-00707R000100150008-4,NATIONAL INTELLIGENCE SURVEY GAZETTEER FOR DOMINICAN REPUBLIC,U,,487,REPORTS
303,CIA-RDP01-00707R000100100004-3,NATIONAL INTELLIGENCE SURVEY GAZETTEER FOR EAST GERMANY,U,,497,REPORTS
304,CIA-RDP01-00707R000100090008-1,NATIONAL INTELLIGENCE SURVEY GAZETTEER FOR ECUADOR,U,,196,REPORTS
305,CIA-RDP01-00707R000100100005-2,NATIONAL INTELLIGENCE SURVEY GAZETTEER FOR EGYPT,U,,427,REPORTS
306,CIA-RDP01-00707R000100020002-4,NATIONAL INTELLIGENCE SURVEY GAZETTEER FOR EGYPT,R,,133,REPORTS
307,CIA-RDP01-00707R000100080008-2,NATIONAL INTELLIGENCE SURVEY GAZETTEER FOR EL SALVADOR,U,,71,REPORTS
308,CIA-RDP01-00707R000100040012-1,NATIONAL INTELLIGENCE SURVEY GAZETTEER FOR EQUATORIAL AFRICA,R,,641,REPORTS
309,CIA-RDP01-00707R000100020008-8,"NATIONAL INTELLIGENCE SURVEY GAZETTEER FOR ETHIOPIA, ERITREA AND SOMALILANDS",R,,516,REPORTS
310,CIA-RDP01-00707R000100150006-6,NATIONAL INTELLIGENCE SURVEY GAZETTEER FOR EUROPE AND U.S.S.R,U,,134,REPORTS
311,CIA-RDP01-00707R000200060006-5,NATIONAL INTELLIGENCE SURVEY GAZETTEER FOR FRANCE,U,,644,REPORTS
312,CIA-RDP01-00707R000200060008-3,NATIONAL INTELLIGENCE SURVEY GAZETTEER FOR FRANCE,U,,799,REPORTS
313,CIA-RDP01-00707R000200060003-8,NATIONAL INTELLIGENCE SURVEY GAZETTEER FOR FRENCH GUIANA,U,,77,REPORTS
314,CIA-RDP01-00707R000200040014-8,NATIONAL INTELLIGENCE SURVEY GAZETTEER FOR FRENCH WEST INDIES,U,,54,REPORTS
315,CIA-RDP01-00707R000200050001-1,NATIONAL INTELLIGENCE SURVEY GAZETTEER FOR GABON,U,,128,REPORTS
316,CIA-RDP01-00707R000200020005-0,NATIONAL INTELLIGENCE SURVEY GAZETTEER FOR HAITI,U,,221,REPORTS
317,CIA-RDP01-00707R000100080011-8,NATIONAL INTELLIGENCE SURVEY GAZETTEER FOR HAITI,U,,48,REPORTS
318,CIA-RDP01-00707R000100080009-1,NATIONAL INTELLIGENCE SURVEY GAZETTEER FOR HAWAIIAN ISLANDS,U,,96,REPORTS
319,CIA-RDP01-00707R000100080010-9,NATIONAL INTELLIGENCE SURVEY GAZETTEER FOR HONDURAS,U,,241,REPORTS
320,CIA-RDP01-00707R000100150009-3,NATIONAL INTELLIGENCE SURVEY GAZETTEER FOR HONG KONG AND MACAO,U,,63,REPORTS
321,CIA-RDP01-00707R000100030005-0,NATIONAL INTELLIGENCE SURVEY GAZETTEER FOR HUNGARY,R,,183,REPORTS
322,CIA-RDP01-00707R000100110002-4,NATIONAL INTELLIGENCE SURVEY GAZETTEER FOR HUNGARY,U,,309,REPORTS
323,CIA-RDP01-00707R000100010011-5,NATIONAL INTELLIGENCE SURVEY GAZETTEER FOR ICELAND,R,,47,REPORTS
324,CIA-RDP01-00707R000100110009-7,NATIONAL INTELLIGENCE SURVEY GAZETTEER FOR ICELAND,U,,244,REPORTS
325,CIA-RDP01-00707R000100090013-5,NATIONAL INTELLIGENCE SURVEY GAZETTEER FOR INDOCHINA,R,,619,REPORTS
326,CIA-RDP01-00707R000200010008-8,NATIONAL INTELLIGENCE SURVEY GAZETTEER FOR INDONESIA,U,,912,REPORTS
327,CIA-RDP01-00707R000100050004-9,NATIONAL INTELLIGENCE SURVEY GAZETTEER FOR INDONESIA VOL. 2 (O-Z),R,,692,REPORTS
328,CIA-RDP01-00707R000100010008-9,NATIONAL INTELLIGENCE SURVEY GAZETTEER FOR IRAN,R,,351,REPORTS
329,CIA-RDP01-00707R000100080004-6,NATIONAL INTELLIGENCE SURVEY GAZETTEER FOR IRAN,U,,595,REPORTS
330,CIA-RDP01-00707R000100090010-8,NATIONAL INTELLIGENCE SURVEY GAZETTEER FOR IRAQ,U,,182,REPORTS
331,CIA-RDP01-00707R000100010003-4,NATIONAL INTELLIGENCE SURVEY GAZETTEER FOR IRAQ,R,,63,REPORTS
332,CIA-RDP01-00707R000100020013-2,NATIONAL INTELLIGENCE SURVEY GAZETTEER FOR IRELAND,R,,196,REPORTS
333,CIA-RDP01-00707R000100080007-3,NATIONAL INTELLIGENCE SURVEY GAZETTEER FOR ITALY,U,,379,REPORTS
334,CIA-RDP01-00707R000100010006-1,NATIONAL INTELLIGENCE SURVEY GAZETTEER FOR ITALY,R,,179,REPORTS
335,CIA-RDP01-00707R000100140002-1,NATIONAL INTELLIGENCE SURVEY GAZETTEER FOR IVORY COAST,U,,258,REPORTS
336,CIA-RDP01-00707R000200020001-4,NATIONAL INTELLIGENCE SURVEY GAZETTEER FOR JORDAN,U,,442,REPORTS
337,CIA-RDP01-00707R000100070008-3,NATIONAL INTELLIGENCE SURVEY GAZETTEER FOR JORDAN,U,,323,REPORTS
338,CIA-RDP01-00707R000200050013-8,NATIONAL INTELLIGENCE SURVEY GAZETTEER FOR KENYA,U,,518,REPORTS
339,CIA-RDP01-00707R000100160009-2,NATIONAL INTELLIGENCE SURVEY GAZETTEER FOR KENYA,U,,483,REPORTS
340,CIA-RDP01-00707R000100020006-0,NATIONAL INTELLIGENCE SURVEY GAZETTEER FOR KOREA,R,,302,REPORTS
341,CIA-RDP01-00707R000100130001-3,NATIONAL INTELLIGENCE SURVEY GAZETTEER FOR LAOS,U,,223,REPORTS
342,CIA-RDP01-00707R000200040004-9,NATIONAL INTELLIGENCE SURVEY GAZETTEER FOR LAOS,U,,363,REPORTS
343,CIA-RDP01-00707R000200060001-0,NATIONAL INTELLIGENCE SURVEY GAZETTEER FOR LAOS,U,,389,REPORTS
344,CIA-RDP01-00707R000200060004-7,NATIONAL INTELLIGENCE SURVEY GAZETTEER FOR LEBANON,U,,690,REPORTS
345,CIA-RDP01-00707R000200030006-8,NATIONAL INTELLIGENCE SURVEY GAZETTEER FOR LEBANON,U,,731,REPORTS
346,CIA-RDP01-00707R000200060007-4,NATIONAL INTELLIGENCE SURVEY GAZETTEER FOR LIBERIA,U,,186,REPORTS
347,CIA-RDP01-00707R000100160006-5,NATIONAL INTELLIGENCE SURVEY GAZETTEER FOR LIBERIA,U,,176,REPORTS
348,CIA-RDP01-00707R000200030007-7,NATIONAL INTELLIGENCE SURVEY GAZETTEER FOR LIBERIA,U,,68,REPORTS
349,CIA-RDP01-00707R000200040003-0,NATIONAL INTELLIGENCE SURVEY GAZETTEER FOR LIBYA,U,,767,REPORTS
350,CIA-RDP01-00707R000100100002-5,NATIONAL INTELLIGENCE SURVEY GAZETTEER FOR LIBYA,U,,170,REPORTS
351,CIA-RDP01-00707R000100010009-8,NATIONAL INTELLIGENCE SURVEY GAZETTEER FOR LIBYA,R,,72,REPORTS
352,CIA-RDP01-00707R000200060002-9,NATIONAL INTELLIGENCE SURVEY GAZETTEER FOR LIBYA,U,,822,REPORTS
353,CIA-RDP01-00707R000100030002-3,NATIONAL INTELLIGENCE SURVEY GAZETTEER FOR LUXEMBOURG,R,,40,REPORTS
354,CIA-RDP01-00707R000100070006-5,NATIONAL INTELLIGENCE SURVEY GAZETTEER FOR MADAGASCAR,U,,507,REPORTS
355,CIA-RDP01-00707R000200020007-8,NATIONAL INTELLIGENCE SURVEY GAZETTEER FOR MALAWI,U,,167,REPORTS
356,CIA-RDP01-00707R000200030011-2,NATIONAL INTELLIGENCE SURVEY GAZETTEER FOR MALAYSIA,U,,1028,REPORTS
357,CIA-RDP01-00707R000100140005-8,NATIONAL INTELLIGENCE SURVEY GAZETTEER FOR MALI,U,,271,REPORTS
358,CIA-RDP01-00707R000200020006-9,NATIONAL INTELLIGENCE SURVEY GAZETTEER FOR MALTA,U,,54,REPORTS
359,CIA-RDP01-00707R000100140006-7,NATIONAL INTELLIGENCE SURVEY GAZETTEER FOR MAURITANIA,U,,161,REPORTS
360,CIA-RDP01-00707R000100050009-4,NATIONAL INTELLIGENCE SURVEY GAZETTEER FOR MONGOLIA,R,,379,REPORTS
361,CIA-RDP01-00707R000200020003-2,NATIONAL INTELLIGENCE SURVEY GAZETTEER FOR MONGOLIA,U,,263,REPORTS
362,CIA-RDP01-00707R000100030006-9,NATIONAL INTELLIGENCE SURVEY GAZETTEER FOR MOROCCO,R,,274,REPORTS
363,CIA-RDP01-00707R000200030012-1,NATIONAL INTELLIGENCE SURVEY GAZETTEER FOR MOROCCO,U,,935,REPORTS
364,CIA-RDP01-00707R000100060007-5,NATIONAL INTELLIGENCE SURVEY GAZETTEER FOR MOZAMBIQUE,U,,674,REPORTS
365,CIA-RDP01-00707R000200030010-3,NATIONAL INTELLIGENCE SURVEY GAZETTEER FOR MOZAMBIQUE,U,,550,REPORTS
366,CIA-RDP01-00707R000100020003-3,NATIONAL INTELLIGENCE SURVEY GAZETTEER FOR NETHERLANDS,R,,153,REPORTS
367,CIA-RDP01-00707R000100040014-9,NATIONAL INTELLIGENCE SURVEY GAZETTEER FOR NETHERLANDS ANTILLES,R,,24,REPORTS
368,CIA-RDP01-00707R000100150014-7,NATIONAL INTELLIGENCE SURVEY GAZETTEER FOR NEW CALEDONIA AND WALLIS AND FUTUNA,U,,116,REPORTS
369,CIA-RDP01-00707R000100160004-7,NATIONAL INTELLIGENCE SURVEY GAZETTEER FOR NEW HEBRIDES,U,,87,REPORTS
370,CIA-RDP01-00707R000100060009-3,NATIONAL INTELLIGENCE SURVEY GAZETTEER FOR NEW ZEALAND,U,,459,REPORTS
371,CIA-RDP01-00707R000100160005-6,NATIONAL INTELLIGENCE SURVEY GAZETTEER FOR NICARAGUA,U,,141,REPORTS
372,CIA-RDP01-00707R000100140009-4,NATIONAL INTELLIGENCE SURVEY GAZETTEER FOR NIGER,U,,215,REPORTS
373,CIA-RDP01-00707R000200020004-1,NATIONAL INTELLIGENCE SURVEY GAZETTEER FOR NIGERIA,U,,651,REPORTS
374,CIA-RDP01-00707R000100130008-6,NATIONAL INTELLIGENCE SURVEY GAZETTEER FOR NORTH KOREA,U,,390,REPORTS
375,CIA-RDP01-00707R000100120006-9,NATIONAL INTELLIGENCE SURVEY GAZETTEER FOR NORTH VIETNAM,U,,320,REPORTS
376,CIA-RDP01-00707R000100130009-5,NATIONAL INTELLIGENCE SURVEY GAZETTEER FOR NORWAY,U,,1048,REPORTS
377,CIA-RDP01-00707R000100010004-3,NATIONAL INTELLIGENCE SURVEY GAZETTEER FOR NORWAY AND SVALBARD,R,,477,REPORTS
378,CIA-RDP01-00707R000100160003-8,NATIONAL INTELLIGENCE SURVEY GAZETTEER FOR OMAN,U,,114,REPORTS
379,CIA-RDP01-00707R000100160011-9,NATIONAL INTELLIGENCE SURVEY GAZETTEER FOR PAKISTAN,U,,533,REPORTS
